-- phpMyAdmin SQL Dump
-- version 4.9.0.1
-- https://www.phpmyadmin.net/
--
-- Host: sql310.eb2a.com
-- Generation Time: 10 أغسطس 2023 الساعة 12:00
-- إصدار الخادم: 10.4.17-MariaDB
-- PHP Version: 7.2.22

SET SQL_MODE = "NO_AUTO_VALUE_ON_ZERO";
SET AUTOCOMMIT = 0;
START TRANSACTION;
SET time_zone = "+00:00";


/*!40101 SET @OLD_CHARACTER_SET_CLIENT=@@CHARACTER_SET_CLIENT */;
/*!40101 SET @OLD_CHARACTER_SET_RESULTS=@@CHARACTER_SET_RESULTS */;
/*!40101 SET @OLD_COLLATION_CONNECTION=@@COLLATION_CONNECTION */;
/*!40101 SET NAMES utf8mb4 */;

--
-- Database: `eb2a_34738068_qaryat`
--

-- --------------------------------------------------------

--
-- بنية الجدول `orders`
--

CREATE TABLE `orders` (
  `id` int(11) NOT NULL,
  `orderN` varchar(255) NOT NULL,
  `price` int(255) NOT NULL,
  `note` varchar(255) CHARACTER SET utf8 NOT NULL,
  `userNumber` varchar(255) NOT NULL,
  `addreces` varchar(255) CHARACTER SET utf8 NOT NULL,
  `user_id` varchar(255) NOT NULL,
  `order_page_name` varchar(255) CHARACTER SET utf8 NOT NULL,
  `page_name` varchar(255) NOT NULL,
  `statuse` varchar(50) NOT NULL,
  `priceAd` int(255) NOT NULL,
  `Governorate` varchar(255) CHARACTER SET utf8 NOT NULL,
  `typeOfOrder` varchar(255) NOT NULL
) ENGINE=InnoDB DEFAULT CHARSET=utf8mb4;

--
-- إرجاع أو استيراد بيانات الجدول `orders`
--

INSERT INTO `orders` (`id`, `orderN`, `price`, `note`, `userNumber`, `addreces`, `user_id`, `order_page_name`, `page_name`, `statuse`, `priceAd`, `Governorate`, `typeOfOrder`) VALUES
(112, '56', 25, 'Ø§ÙˆØ§Ø­Ø¯ 13 Ø¨Ø±Ùˆ Ù…Ø§ÙƒØ³ ÙˆØ§Ù„Ø«Ø§Ù†ÙŠ 11 Ø¨Ø±Ùˆ Ù…Ø§ÙƒØ³ Ø¹Ù†ÙˆØ§Ù† Ø­Ù„Ù‡ Ù†Ø§Ø¯Ø± Ø§Ù„Ø«Ø§Ù†ÙŠÙ‡ Ù‚Ø±Ø¨ Ø­Ø³ÙŠÙ†ÙŠØ© Ø§Ù„Ø§Ù…Ø§Ù… Ø§Ù„ØµØ§Ø¯Ù‚ ', 'Ù Ù§Ù¨Ù¡Ù¡Ù§Ù¢Ù¨Ù¥Ù©Ù ', 'Ø­Ù„Ø© Ø§Ù„Ù†Ø§Ø¯Ø±', '12', 'huzaifa', 'Ù„ÙŠØ§Ù† Ù„Ù„Ù‡Ø¯Ø§ÙŠØ§ ', '1', 15, 'Ø¨Ø§Ø¨Ù„', ''),
(113, '57', 25, 'ÙƒÙØ±Ø§Øª ØªÙˆÙ† Ø§Ø±ÙŠØ¯ Ø§ÙŠÙÙˆÙ†11 Ø¨Ø±Ùˆ Ù…Ø§ÙƒØ³ \r\nÙˆÙ…Ø§Ù„ 14 Ø¨Ø±Ùˆ Ù…Ø§ÙƒØ³ ', '07844717000', 'Ø³Ù…Ø§ÙˆÙ‡', '12', 'huzaifa', 'Ù„ÙŠØ§Ù† Ù„Ù„Ù‡Ø¯Ø§ÙŠØ§', '1', 15, '	Ø§Ù„Ù…Ø«Ù†Ù‰', ''),
(114, '58', 25, 'ÙƒÙØ±Ø§Øª ØªÙˆÙ† \r\nÙˆØ§Ø­Ø¯ Ù¡Ù¤ Ø¨Ø±Ùˆ Ù…Ø§ÙƒØ³ \r\nØ§Ù„Ø«Ø§Ù†ÙŠ ÙˆØ³ÙÙ† Ø¨Ù„Øµ', 'Ù Ù§Ù¨Ù¡Ù©Ù¡Ù Ù¡Ù©Ù¢Ù¢', 'ÙƒÙˆÙÙ‡ Ø­ÙŠ Ø§Ù„Ù…ØªÙ†Ø¨ÙŠ  Ø§Ø²ÙŠØ§Ø¡ ÙØ®Ø§Ù…Ù‡', '12', 'huzaifa', 'Ù„ÙŠØ§Ù† Ù„Ù„Ù‡Ø¯Ø§ÙŠØ§', '1', 15, 'Ø§Ù„Ù†Ø¬Ù', ''),
(115, '59', 25, 'ÙƒÙØ±Ø§Øª ØªÙˆÙ† \r\nÙˆØ§Ø­Ø¯  Ù…Ø§Ù„ Ø§ÙŠÙÙˆÙ† 14Ø¨Ø±Ùˆ Ù…Ø§ÙƒØ³ \r\nØ«Ø§Ù†ÙŠ Ù¡Ù¤Ø¨Ø±Ùˆ  ÙÙ‚Ø· ', '07708380070', 'Ø§Ù„Ù†Ø¬ÙŠØ¨ÙŠØ©', '12', 'huzaifa', 'Ù„ÙŠØ§Ù† Ù„Ù„Ù‡Ø¯Ø§ÙŠØ§ ', '1', 15, 'Ø§Ù„Ø¨ØµØ±Ø©', ''),
(116, '60', 25, 'ÙƒÙØ±Ø§Øª ØªÙˆÙ† Ø§Ø«Ù†ÙŠÙ† \r\n11pro maxÙˆØ§Ø­Ø¯ \r\n13pro MaxØ§Ù„Ø«Ø§Ù†ÙŠ ', '07838100560', 'Ø¨Ø§Ø¨Ù„', '12', 'huzaifa', 'Ù„ÙŠØ§Ù† Ù„Ù„Ù‡Ø¯Ø§ÙŠØ§', '1', 15, 'Ø¨Ø§Ø¨Ù„', ''),
(117, '61', 25, 'ÙƒÙØ±Ø§Øª ØªÙˆÙ† \r\nÙˆØ§Ø­Ø¯ Ø§ÙŠÙÙˆÙ† 14 Ø¨Ø±Ùˆ Ù…Ø§ÙƒØ³ \r\nÙˆØ§Ù„Ø«Ø§Ù†ÙŠ Ø§ÙŠÙÙˆÙ† 8 Ø¨Ù„Ø³', '07741810218', 'Ø§Ù„ÙƒØ±Ø§Ø¯Ø©', '12', 'huzaifa', 'Ù„ÙŠØ§Ù† Ù„Ù„Ù‡Ø¯Ø§ÙŠØ§', '1', 15, 'Ø¨ØºØ¯Ø§Ø¯', ''),
(119, '169', 40, 'Ø²ÙˆÙ„ÙŠÙ‡ Ø­Ø¬Ù… 50*75', '07718112399', 'Ø­ÙŠ Ø§Ù„Ø­Ø³ÙŠÙ† ', '12', 'huzaifa', ' Ù‚Ø±ÙŠØ© Ø§Ù„Ù‡Ø¯Ø§ÙŠØ§ ', '1', 32, 'ÙƒØ±Ø¨Ù„Ø§Ø¡', ''),
(120, '170', 55, 'Ø²ÙˆÙ„ÙŠÙ‡ Ø­Ø¬Ù… 70*100', '07828244433', 'Ø§Ù„Ø±Ù…Ø§Ø¯ÙŠ Ù‚Ø±Ø¨ Ù…Ù†Ø·Ù‚Ù‡ Ø§Ù„Ù…Ù„Ø¹Ø¨ Ø¬Ø§Ù…Ø¹ Ø§Ù„Ø­Ù‚', '12', 'huzaifa', ' Ù‚Ø±ÙŠØ© Ø§Ù„Ù‡Ø¯Ø§ÙŠØ§ ', '1', 45, 'Ø§Ù„Ø£Ù†Ø¨Ø§Ø±', ''),
(121, '171', 35, 'Ø²ÙˆÙ„ÙŠÙ‡ Ø­Ø¬Ù… 40*60', '07852903688', 'Ø§Ù„Ø³Ù…Ø§ÙˆØ© Ø­ÙŠ Ø§Ù„Ù†ÙØ· Ø·Ø±ÙŠÙ‚ Ø§Ù„Ù…Ù‡Ø¯ÙŠ Ù…Ù‚Ø§Ø¨Ù„ ØµÙŠØ¯Ù„ÙŠØ© Ø§Ù„Ù…Ø±ÙØ£ ', '12', 'huzaifa', ' Ù‚Ø±ÙŠØ© Ø§Ù„Ù‡Ø¯Ø§ÙŠØ§ ', '1', 28, '	Ø§Ù„Ù…Ø«Ù†Ù‰', ''),
(122, '10', 95, ' Ø³ÙŠÙ Ø¹Ù„Ø¨Ø© Ù†ÙŠÙ„ÙŠ Ø¬Ù‡Ù‡ ØµÙˆØ±Ø© Ùˆ Ø¬Ù‡Ù‡ Ø§Ø³Ø¯ Ù…Ø¹ Ø³ÙŠÙ ØªÙˆØ­ÙŠØ¯ \r\nØªÙØ§ØµÙŠÙ„ Ø§Ù„Ø·Ù„Ø¨ / Ø§Ù‡Ø¯Ø§Ø¡ Ø§Ù„Ù‰ Ø§Ù„Ø¯ÙƒØªÙˆØ± Ø¨Ø±ÙƒØ§Øª Ø¹ÙˆØ§Ø¯ Ø§Ù„Ø¬ØºÙŠÙÙŠ', '+964 784 838 4681', 'Ø§Ø³ØªÙ„Ø§Ù… Ù…Ø­Ù„ ', '12', 'huzaifa', 'Ù„Ø·Ø§ÙØ© Ù„Ù„Ù‡Ø¯Ø§ÙŠØ§ ', '1', 70, 'Ø¨ØºØ¯Ø§Ø¯', ''),
(123, '28', 25, 'Ù†ÙˆØ¹ Ø·Ù„Ø¨ / Ø§Ø¹Ø§Ø¯Ø© Ø§Ù„Ø®Ø·Ø§Ù‹ Ù…Ù†ÙƒÙ… \r\n\r\nÙÙ‚Ø· Ø²ÙˆÙ„ÙŠÙ‡ Ù…Ø§Ù„ Ø¹Ù„Ø¨Ù‡ ØªØµÙ…ÙŠÙ… Ù„ÙˆÙ† Ø§Ø®Ø¶Ø± Ø·Ø¨Ø§Ø¹Ù‡ ØµÙˆØ±Ø© ÙˆÙ…Ù† Ø¬Ù‡Ù‡ Ø«Ø§Ù†ÙŠÙ‡ Ø´Ø¹Ø§Ø± Ø¬Ù…Ù‡ÙˆØ±ÙŠØ© Ø§Ù„Ø¹Ø±Ø§Ù‚ \r\n\r\nØ­Ø¬Ù… Ø²ÙˆÙ„ÙŠÙ‡ Ø¶Ø±ÙˆØ±ÙŠ ÙŠÙƒÙˆÙ† Ù…Ø¶Ø¨ÙˆØ· \r\nØ§Ù„', '07814545464', 'Ø§Ù„Ø¯Ø¬ÙŠÙ„', '12', 'huzaifa', 'Ø§Ù„Ù‡Ø¯Ø§ÙŠØ§ Ø§Ù„ÙØ§Ø®Ø±Ù‡', '1', 0, 'ØµÙ„Ø§Ø­ Ø§Ù„Ø¯ÙŠÙ†', ''),
(124, '8', 95, 'Ø§Ù„ÙØ±ÙŠÙ‚ Ø£ÙˆÙ„ Ø§Ù„Ø±ÙƒÙ† Ø¹Ø¨Ø¯ Ø§Ù„Ø§Ù…ÙŠØ± ÙƒØ§Ù…Ù„  Ø§Ù„Ø´Ù…Ø±ÙŠ\r\n\r\n\r\n\r\n\r\nÙˆØ§Ù‡Ø¯Ø§Ø¡ Ù…Ù† Ø§Ù„Ø³ÙŠØ¯ Ø¹Ø¨Ø§Ø³ Ù…Ø­Ù…Ø¯ Ø§Ù„Ø²Ù…Ø§Ø·\r\n\r\nØ¨Ø­Ø¬Ù… ØµØºÙŠØ± \r\n\r\nØ¨Ø¯ÙˆÙ† Ø§Ø²Ø§Ù„Ù‡ Ø§Ù„Ø®Ù„ÙÙŠÙ‡ \r\n\r\nØ´Ø¹Ø§Ø± ÙˆØ²Ø§Ø±Ù‡ Ø§Ù„Ø¯Ø§Ø®Ù„ÙŠÙ‡ \r\n\r\nØ§Ø±Ø³Ø', '07821189947', 'Ø§Ù„ÙƒØ±Ø§Ø¯Ù‡ Ø´Ø§Ø±Ø¹ 62', '12', 'huzaifa', 'Ù…ØªØ¬Ø± Ø¨Ø­Ø±', '1', 80, 'Ø¨ØºØ¯Ø§Ø¯', ''),
(125, '12', 110, 'Ù…Ù„Ø§Ø­Ø¶Ø§Øª: Ø§Ù„Ø§Ù‡Ø¯Ø§Ø¡ Ù…Ù† Ø§Ù„Ù…Ù‚Ø§ÙˆÙ„ Ø¹Ù„ÙŠ Ø±Ø§Ø¶ÙŠ Ø§Ù„Ø­Ù„ÙÙŠ Ø§Ù„Ù‰ Ø§Ù„Ø¹Ù…ÙŠØ¯ Ø®Ø¨ÙŠØ± Ø§Ù„Ù…ØªÙØ¬Ø±Ø§Øª \r\nØ¹Ù„ÙŠ Ù†Ø¹Ù…Ù‡ Ù…Ø·Ù„Ùƒ Ø§Ù„Ø¬Ø¹Ø§Ø±ÙŠ', '07711109994', ' Ø­ÙŠ Ø§Ù„Ø­ÙØ³ÙŠÙ† Ø´Ø§Ø±Ø¹ Ø§Ù„Ø³ÙŠØ¯ Ù‚Ø±Ø¨ ØªØµÙˆÙŠØ± Ø±Ø§ÙØ¯ Ø¹Ù„ÙŠ', '12', 'huzaifa', 'Ù…ØªØ¬Ø± Ø­Ø±ÙˆÙ ', '1', 80, 'Ø§Ù„Ø¨ØµØ±Ø©', ''),
(126, '62', 17, 'ÙƒÙØ± Ù¡Ù¡ Ø¨Ø±Ùˆ Ù…Ø§ÙƒØ³ Ø·Ø¨Ø§Ø¹Ù‡ ØµÙˆØ±Ù‡  ', 'Ù Ù§Ù§Ù¡Ù¤Ù£Ù§Ù¥Ù©Ù¤Ù ', 'Ø§Ù„ÙÙ„ÙˆØ¬Ù‡', '12', 'huzaifa', 'Ù„ÙŠØ§Ù† Ù„Ù„Ù‡Ø¯Ø§ÙŠØ§', '1', 11, 'Ø§Ù„Ø£Ù†Ø¨Ø§Ø±', ''),
(127, '63', 25, 'ÙƒÙØ± Ù¡Ù£ Ø¨Ø±ÙˆÙ…Ø§ÙƒØ³ Ø¹Ø¯Ø¯ Ù¢ ', 'Ù Ù§Ù§Ù¢Ù¨Ù¢Ù§Ù Ù£Ù©Ù£', ' Ø§Ø¨ÙŠ Ø§Ù„Ø®ØµÙŠÙ„', '12', 'huzaifa', 'Ù„ÙŠØ§Ù† Ù„Ù„Ù‡Ø¯Ø§ÙŠØ§', '1', 15, 'Ø§Ù„Ø¨ØµØ±Ø©', ''),
(128, '16', 36, 'Ø²ÙˆÙ„ÙŠÙ‡ ÙˆØ­Ø¯Ù‡ Ù¤Ù  *Ù¦Ù  Ø¹Ø±Ø¶ ', 'Ù Ù§Ù§Ù Ù¥Ù¥Ù¦Ù¡Ù£Ù©Ù¡', 'Ø¹ÙˆØ§Ø´Ù‡', '12', 'huzaifa', 'Ø·ÙˆÙƒÙŠÙˆ', '1', 28, 'Ù…ÙŠØ³Ø§Ù†', ''),
(129, '171', 0, '', 'Ù Ù§Ù§Ù Ù¤Ù¢Ù¨Ù¤Ù¦Ù¤Ù¦', 'Ø¨ØºØ¯Ø§Ø¯', '12', 'huzaifa', ' Ù‚Ø±ÙŠØ© Ø§Ù„Ù‡Ø¯Ø§ÙŠØ§ ', '1', 0, 'Ø¨ØºØ¯Ø§Ø¯', ''),
(130, '171', 45, 'Ø²ÙˆÙ„ÙŠÙ‡ Ù‚ÙŠØ§Ø³ Ù¦Ù  ÙÙŠ Ù©Ù  Ø·Ø¨Ø¹ ØµÙˆØ±ØªÙŠÙ† Ù…Ø¹ Ø§Ù„ØªØ¹Ø¯ÙŠÙ„ ÙˆÙ…Ø´Ø§Ù‡Ø¯Ù‡ Ù‚Ø¨Ù„ Ø§Ù„Ø·Ø¨Ø¹ Ù…Ø¹ Ø§Ù„Ø¯ÙŠÙƒÙˆ ÙˆØ§Ù„ØªÙˆØ¸ÙŠØ­ Ø§Ù„ØµÙˆØ±Ù‡', 'Ù Ù§Ù§Ù Ù¤Ù¢Ù¨Ù¤Ù¦Ù¤Ù¦', 'Ø§Ù„Ø´Ø¹Ù„Ø©', '12', 'huzaifa', ' Ù‚Ø±ÙŠØ© Ø§Ù„Ù‡Ø¯Ø§ÙŠØ§ ', '1', 37, 'Ø¨ØºØ¯Ø§Ø¯', ''),
(131, '172', 45, ' Ø§Ù„ØªÙØ§ØµÙŠÙ„:Ø²ÙˆÙ„ÙŠÙ‡ Ø­Ø¬Ù… 60*90', '07725686431', 'Ø§Ù„Ù…ÙˆÙÙ‚ÙŠØ©', '16', 'mustafa', 'Ù‚Ø±ÙŠØ© Ø§Ù„Ù‡Ø¯Ø§ÙŠØ§ ', '1', 38, 'Ø§Ù„Ø¨ØµØ±Ø©', ''),
(133, '11', 95, 'Ø³ÙŠÙ Ø¹Ø±Ø¨ÙŠ Ù„ÙˆÙ† Ø§Ù„Ø¹Ù„Ø¨Ù‡ Ù†ÙŠÙ„ÙŠ', '07844346333', 'Ù…Ø¬Ù…Ø¹ Ø¹Ù…Ø§Ø¯ Ø³ÙƒØ± Ø´Ø§Ø±Ø¹ Ø§Ù„Ù…Ø·Ø§Ø±', '16', 'mustafa', 'Ù„Ø·Ø§ÙØ©', '1', 76, 'Ø§Ù„Ù†Ø¬Ù', ''),
(134, '13', 100, '\r\nÙ…Ù„Ø§Ø­Ø¶Ø§Øª: Ø§Ù‡Ø¯Ø§Ø¡ Ø¥Ù„Ù‰ Ø§Ù„Ø§Ø® Ø§Ù„Ø¹Ø²ÙŠØ² Ù…Ø­Ù…Ø¯ Ø§Ù†ÙˆØ± Ø§Ù„Ø¹Ø¨ÙŠØ¯ÙŠ \r\nØ§Ù„Ù Ø§Ù„Ù Ù…Ù„ÙŠÙˆÙ† Ù…Ø¨Ø§Ø±Ùƒ \r\nÙˆØ§Ø¯Ø§Ù…Ø© Ø§Ù„Ù„Ù‡ Ø§Ù„Ø³Ø±ÙˆØ± ÙˆØ¯Ø§Ù…Ø© Ø¯ÙŠØ§Ø±ÙƒÙ… Ø¹Ø§Ù…Ø±Ø© Ø¨Ø§Ù„Ø§ÙØ±Ø§Ø­ \r\nØ§Ø®ÙˆÙƒ Ø§ÙƒØ±Ù… Ø¹Ù„ÙŠ Ø§Ù„Ø¹Ø¨ÙŠ', '07809744911', 'Ø§Ù„Ù‚Ø§Ø¦Ù… Ø§Ù„Ø±Ù…Ø§Ù†Ù‡', '16', 'mustafa', 'Ù…ØªØ¬Ø± Ø­Ø±ÙˆÙ', '1', 76, 'Ø§Ù„Ø£Ù†Ø¨Ø§Ø±', ''),
(135, '35', 90, 'Ø³ÙŠÙ Ø°ÙˆØ§Ù„ÙÙ‚Ø§Ø± Ø¹Ù„Ø¨Ù‡ Ø§Ø­Ù…Ø± \r\nØªØµÙ…ÙŠÙ… Ù…Ø­Ù…Ø¯ Ø´ÙŠØ§Ø¹ Ø§Ù„Ø³ÙˆØ¯Ø§Ù†ÙŠ \r\nÙ…Ø´Ø§Ù‡Ø¯Ø© Ø§Ù„ØªØµÙ…ÙŠÙ… Ù‚Ø¨Ù„ Ø§Ù„Ø·Ø¨Ø§Ø¹Ù‡', '07716581966', 'Ù‚Ø±Ø¨ Ù…Ø´ÙÙ‰ Ø§Ù„ÙƒÙÙŠÙ„', '16', 'mustafa', ' Ù„Ø§ÙÙŠÙ† ', '1', 76, 'ÙƒØ±Ø¨Ù„Ø§Ø¡', ''),
(136, '64', 25, 'ÙƒÙØ±Ø§Øª Ø§Ø«Ù†ÙŠÙ† ØªÙˆÙ† \r\n13 Ø¨Ø±Ùˆ Ù…Ø§ÙƒØ³\r\n14 Ø¨Ø±Ùˆ Ù…Ø§ÙƒØ³', '07837603184', 'Ø¯ØºØ§Ø±Ù‡', '16', 'mustafa', 'Ù„ÙŠØ§Ù† Ù„Ù„Ù‡Ø¯Ø§ÙŠØ§', '1', 15, 'Ø§Ù„Ù‚Ø§Ø¯Ø³ÙŠØ©', ''),
(137, '65', 25, 'ÙƒÙØ±Ø§Øª ØªÙˆÙ† Ø§Ø«Ù†ÙŠÙ† \r\nÙˆØ§Ø­Ø¯ Ù¡Ù¤ Ø¨Ø±Ùˆ Ù…Ø§ÙƒØ³\r\nØ§Ù„Ø«Ø§Ù†ÙŠ  Ù¡Ù¢ Ø¨Ø±Ùˆ Ù…Ø§ÙƒØ³', 'Ù Ù§Ù§Ù¢Ù¢Ù¡Ù¢Ù¦Ù¨Ù©Ù¥', 'Ø´Ø§Ø±Ø¹ ÙƒØ§Ø²ÙŠÙ†Ùˆ Ù„Ø¨Ù†Ø§Ù† ', '16', 'mustafa', 'Ù„ÙŠØ§Ù† Ù„Ù„Ù‡Ø¯Ø§ÙŠØ§', '1', 15, 'Ø§Ù„Ø¨ØµØ±Ø©', ''),
(138, '66', 25, 'ÙƒÙØ±Ø§Øª ØªÙˆÙ†\r\n ÙˆØ§Ø­Ø¯ Ù¡Ù£ Ø¨Ø±Ùˆ Ù…Ø§ÙƒØ³\r\n\r\nÙˆØ§Ø­Ø¯ Ø§ÙŠÙÙˆÙ† Ù¡Ù¡ Ø¹Ø§Ø¯ÙŠ ', '07756604896', 'Ù…Ø¯ÙŠÙ†Ù‡ Ø§Ù„ØµØ¯Ø± Ø§Ù„ÙƒÙŠØ§Ø±Ù‡', '16', 'mustafa', 'Ù„ÙŠØ§Ù† Ù„Ù„Ù‡Ø¯Ø§ÙŠØ§ ', '1', 14, 'Ø¨ØºØ¯Ø§Ø¯', ''),
(139, '67', 25, 'ÙƒÙØ±Ø§Øª ØªÙˆÙ† \r\nÙˆØ§Ø­Ø¯ 13 Ø¨Ø±Ùˆ Ù…Ø§ÙƒØ³ \r\nØ§Ù„Ø«Ø§Ù†ÙŠ 14Ø¨Ø±Ùˆ  Ù…Ø§ÙƒØ³', '07708560503', 'ÙƒØ±Ù…Ù‡ Ø¹Ù„ÙŠ Ø§Ø¨Ùˆ Ø­Ù„ÙˆÙ‡ ', '16', 'mustafa', 'Ù„ÙŠØ§Ù† Ù„Ù„Ù‡Ø¯Ø§ÙŠØ§', '1', 15, 'Ø§Ù„Ø¨ØµØ±Ø©', ''),
(140, '59', 40, 'Ø±Ø³Ù… 30*40Ø´ÙŠÙ„ Ù‡Ø°Ù‡ Ø§Ù„ÙƒØªØ§Ø¨Ù‡ Ø§Ù„ÙŠ Ø¹ ØµÙˆØ±Ù‡ ÙˆØ±ØªØ¨Ù‡Ø§ ', ' Ù Ù§Ù§Ù Ù¥Ù¡Ù Ù¥Ù©Ù£Ù©', 'Ø§Ø±Ø¨ÙŠÙ„', '16', 'mustafa', 'Ù…Ø±ÙƒØ² Ø§Ø³Ø·Ù†Ø¨ÙˆÙ„ ', '1', 26, 'Ø£Ø±Ø¨ÙŠÙ„', ''),
(141, '17', 40, 'Ø²ÙˆÙ„ÙŠÙ‡ ÙˆØ­Ø¯Ù‡ Ù¤Ù  *Ù¦Ù  Ø¹Ø±Ø¶ ', '07700669941', 'Ø§Ù„ÙƒØ§Ø¸Ù…ÙŠØ© ', '16', 'mustafa', 'Ø·ÙˆÙƒÙŠÙˆ', '1', 27, 'Ø¨ØºØ¯Ø§Ø¯', ''),
(143, '68', 25, 'ÙƒÙØ±Ø§Øª ØªÙˆÙ† ÙˆØ§Ø­Ø¯ ÙˆØ§Ø­Ø¯ Ø§ÙŠÙÙˆÙ† Ù¡Ù¡ Ø§Ù„Ø¹Ø§Ø¯ÙŠ Ø§Ø¨Ùˆ ÙƒØ§Ù…Ø±ØªÙŠÙ†\r\n Ø§Ù„Ø«Ø§Ù†ÙŠ Ù¨ Ø¨Ù„Ø§Ø³', '07705579005', 'Ù…Ø¯ÙŠÙ†Ø© Ø§Ù„ØµØ¯Ø±', '16', 'mustafa', 'Ù„ÙŠØ§Ù†  Ù„Ù„Ù‡Ø¯Ø§ÙŠØ§ ', '1', 14, 'Ø¨ØºØ¯Ø§Ø¯', ''),
(144, '69', 25, 'ÙƒÙØ±Ø§Øª ØªÙˆÙ† Ø§Ø«Ù†ÙŠÙ† \r\nÙˆØ§Ø­Ø¯ 14 Ø¨Ø±Ùˆ Ù…Ø§ÙƒØ³ \r\nØ§Ù„Ø«Ø§Ù†ÙŠ12 Ø¨Ø±Ùˆ Ù…Ø§ÙƒØ³', '07711255047', ' Ø§Ù„Ø´Ø¹Ø¨ Ø´Ø§Ø±Ø¹ Ø§Ù„ØµØ­Ù‡', '16', 'mustafa', 'Ù„ÙŠØ§Ù† Ù„Ù„Ù‡Ø¯Ø§ÙŠØ§ ', '1', 14, 'Ø¨ØºØ¯Ø§Ø¯', ''),
(145, '6', 100, 'Ø¹Ø±Ø¶ Ø³ÙŠÙ ÙˆØ²ÙˆÙ„ÙŠÙ‡\r\nØ³ÙŠÙ Ø°Ùˆ Ø§Ù„ÙÙ‚Ø§Ø±  Ù„ÙˆÙ† Ø§Ù„Ø¹Ù„Ø¨Ù‡ ( Ø§Ø²Ø±Ú¯ )  Ø·Ø¨Ø§Ø¹Ù‡ ØµÙˆØ±Ù‡ Ø§Ù„ÙˆÙ„Ø¯ ÙˆØµÙˆØ±Ù‡ Ø§Ù„Ø´Ø¹Ø§Ø±\r\nÙ…Ù† Ø§Ù„Ø¬Ù‡ØªÙŠÙ†\r\n\r\nØ§Ù‡Ø¯Ø§Ø¡ Ø§Ù„Ù‰ \r\n( Ø¹Ù„ÙŠ Ù„Ø·ÙÙŠ Ø¹Ø§Ø¯Ù„ Ø§Ù„Ø¨Ø¯Ø±Ø§Ù† )\r\n\r\nØ§Ù„Ø¹Ø¨Ø§Ø±Ø© (( Ø§Ù', '0771Â 275Â 8914', 'Ø§Ù„Ù‡Ù†Ø¯ÙŠÙ‡ Ø´Ø§Ø±Ø¹40', '16', 'mustafa', 'Ù†Ù€ÙŠÙ€Ù„Ù€Ø² Ù„Ù€Ù„Ù€Ù‡Ù€Ø¯Ø§ÙŠÙ€Ø§', '1', 81, 'ÙƒØ±Ø¨Ù„Ø§Ø¡', ''),
(146, '7', 100, 'ÙˆØ¹ Ø§Ù„Ø·Ù„Ø¨// Ø³ÙŠÙ Ø°Ùˆ Ø§Ù„ÙÙ‚Ø§Ø±  Ù„ÙˆÙ† Ø§Ù„Ø¹Ù„Ø¨Ù‡ ( Ù…Ø§Ø±ÙˆÙ†ÙŠ )  ðŸ”´Ø¨Ø¯ÙˆÙ† Ø·Ø¨Ø§Ø¹Ù‡ ØµÙˆØ±Ù‡\r\n\r\nÙƒØªØ§Ø¨Ù‡ Ø¹ Ø¹Ù„Ø¨Ù‡\r\nÙ‡Ø¯ÙŠÙ‡ Ù…Ù† ( Ø§Ù„Ø§Ø³ØªØ§Ø° Ø­ÙŠØ¯Ø± Ø§Ù„Ø³ÙˆØ¯Ø§Ù†ÙŠ )\r\n\r\nØ§Ù‡Ø¯Ø§Ø¡ Ø§Ù„Ù‰ \r\n( Ø§Ù„Ø³ÙŠØ¯ Ø§Ø­Ù…Ø¯ Ø§Ù„Ù…Ø­ï', '07704359503', 'Ø§Ù„Ø¯ÙˆØ±Ø© ', '16', 'mustafa', 'Ù†Ù€ÙŠÙ€Ù„Ù€Ø² Ù„Ù€Ù„Ù€Ù‡Ù€Ø¯Ø§ÙŠÙ€Ø§', '1', 75, 'Ø¨ØºØ¯Ø§Ø¯', ''),
(147, '36', 45, ' Ø§Ø³ØªØ¨Ø¯Ø§Ù„ Ø³ÙŠÙ ÙÙ‚Ø·', ' 07735017365', 'Ø§Ù„Ø§Ø³ÙƒØ§Ù†', '16', 'mustafa', ' Ù„Ø§ÙÙŠÙ† ', '1', 0, 'Ø¨Ø§Ø¨Ù„', ''),
(148, '173', 45, ' Ø§Ù„ØªÙØ§ØµÙŠÙ„:Ø²ÙˆÙ„ÙŠÙ‡ Ø­Ø¬Ù… 60*90', '07510470050', 'Ø®Ø¨Ø§Øª', '16', 'mustafa', ' Ù‚Ø±ÙŠØ© Ø§Ù„Ù‡Ø¯Ø§ÙŠØ§ ', '1', 38, 'Ø£Ø±Ø¨ÙŠÙ„', ''),
(149, '70', 25, 'ÙƒÙØ±Ø§Øª ØªÙˆÙ† ÙˆØ§Ø­Ø¯  Ù¡Ù¢ Ø¨Ø±Ùˆ Ù…Ø§ÙƒØ³ \r\nÙˆØ§Ù„Ø«Ø§Ù†ÙŠ  Ù…Ø§Ù„ Ù¡Ù£ Ø¨Ø±Ùˆ Ù…Ø§ÙƒØ³', '964Â 774Â 512Â 2144 ', 'Ø§Ù„Ø¯ÙˆØ±Ù‡ Ø¹Ø±Ø¨ Ø§Ø¬Ø¨ÙˆØ±', '16', 'mustafa', 'Ù„ÙŠØ§Ù† Ù„Ù„Ù‡Ø¯Ø§ÙŠØ§', '1', 14, 'Ø¨ØºØ¯Ø§Ø¯', ''),
(150, '9', 95, ' Ù‚ÙŠØ§Ø³: Ø³ÙŠÙ Ø¶Ø±ØºØ§Ù… ÙˆØ§Ù„Ø¹Ù„Ø¨Ù‡ Ø¶Ø±ØºØ§Ù… Ù„Ù„ÙˆÙ† Ù†ÙŠÙ„ÙŠ Ø³ÙŠÙ Ø§Ù„ØªÙˆØ­ÙŠØ¯ \r\nØ§Ù„Ø´ÙŠØ® Ø§Ø³Ø¹Ø¯ Ø§Ù„Ù…Ø®Ù„Ù Ø§Ù„Ø¹Ù†Ø§Ø²\r\nØ§Ù„ØµÙˆØ±Ù‡ Ø¨Ø¯ÙˆÙ† Ø§ÙŠØ·Ø§Ø±\r\n07712181813', '07508855199', 'Ø§Ù„Ø¬Ø§Ù†Ø¨ Ù„Ø§Ø§ÙŠÙ…Ù† Ø­Ø­ÙŠ Ø§Ù„ØªÙ†Ùƒ', '16', 'mustafa', 'Ù…ØªØ¬Ø± Ø¨Ø­Ø±', '1', 76, 'Ù†ÙŠÙ†ÙˆÙ‰', ''),
(151, '71', 25, 'ÙƒÙØ±Ø§Øª ØªÙˆÙ† Ø¨Ø³ ÙŠØ±Ø¯ÙˆÙ† Ù…ÙƒØ§Ù† Ø§Ù„Ø¬Ù†Ø§Ø­ ÙØ±Ø§Ø´Ù‡ ÙŠØ¹Ù†ÙŠ  Ù†Øµ ÙØ±Ø§Ø´Ù‡ Ø¨Ø¬Ù‡Ø§Ø² ÙˆÙ†Øµ ÙØ±Ø§Ø´Ù‡ Ø¨Ø¬Ù‡Ø§Ø² Ø«Ø§Ù†ÙŠ ÙˆÙ„ÙˆÙ†Ù‡Ù‡ ÙØ±Ø§Ø´Ù‡ ÙŠØ±Ø¯Ùˆ Ø²Ø±ÙƒÙ‡ Ù†ÙØ³ Ù‡Ø§ÙŠ ðŸ¦‹\r\nÙˆØ§Ù„Ø§Ø­Ø±Ù ÙŠØ±Ø¯ÙˆÙ†Ù‡Ù… Ù‡ÙŠØ¬\r\n#\r\nÙ\r\nØ±\r\nØ§', 'Ù Ù§Ù§Ù¢Ù£Ù©Ù¨Ù Ù©Ù©Ù¨', 'Ø§Ù„Ø´Ø¹Ù„Ù‡', '16', 'mustafa', 'Ù„ÙŠØ§Ù† Ù„Ù„Ù‡Ø¯Ø§ÙŠØ§ ', '1', 14, 'Ø¨ØºØ¯Ø§Ø¯', ''),
(152, '174', 55, 'Ø§Ù„ØªÙØ§ØµÙŠÙ„:Ø²ÙˆÙ„ÙŠÙ‡ Ø­Ø¬Ù… 70*100\r\nØ¶Ø±ÙˆØ±ÙŠ Ø¨Ø§Ø¬Ø± ÙŠÙˆØµÙ„Ù‡ Ù„Ø§Ù† ÙŠØ±ÙŠØ¯ ÙŠØ³Ø§ÙØ±', '07741023281', 'Ø¨Ø´ÙŠØ® Ø¹Ù…Ø± ÙŠÙ… Ù…Ø³ØªØ´ÙÙ‰ Ø§Ù„Ø·ÙˆØ§Ø±Ø¦', '16', 'mustafa', 'Ù‚Ø±ÙŠØ© Ø§Ù„Ù‡Ø¯Ø§ÙŠØ§ ', '1', 44, 'Ø¨ØºØ¯Ø§Ø¯', ''),
(153, '654', 44, 'drfgrdrgdftr', '07901655897', 'Ø§Ù„Ù†Ø¬Ù Ù‚Ø¶Ø§Ø¡ Ø§Ù„Ù…Ø´Ø®Ø§Ø¨ Ù‚Ø±Ø¨ Ø¬Ø§Ù…Ø¹ Ø§Ù„Ø­Ø§Ø¬ Ù…Ø³Ù„Ù…', '16', 'mustafa', 'Ù…ØªØ¬Ø± Ø¨Ø­Ø±', '4', 444, 'Ø§Ù„Ø£Ù†Ø¨Ø§Ø±', 'test'),
(154, '33', 4324, '4324', '07901655897', 'Ø§Ù„Ù†Ø¬Ù Ù‚Ø¶Ø§Ø¡ Ø§Ù„Ù…Ø´Ø®Ø§Ø¨ Ù‚Ø±Ø¨ Ø¬Ø§Ù…Ø¹ Ø§Ù„Ø­Ø§Ø¬ Ù…Ø³Ù„Ù…', '16', 'mustafa', 'Ù…ØªØ¬Ø± Ø¨Ø­Ø±', '1', 43234, 'Ø£Ø±Ø¨ÙŠÙ„', 'test'),
(155, '6677657', 7654754, '75465476547', '07901655897', '765475', '16', 'mustafa', 'Ù…ØªØ¬Ø± Ø¨Ø­Ø±', '1', 767547547, 'Ø§Ù„Ø£Ù†Ø¨Ø§Ø±', 'test'),
(156, '7567', 76576, '65677657656', '7656756', '766756765', '16', 'mustafa', '756757', '1', 765675, 'Ø¨Ø§Ø¨Ù„', '');

-- --------------------------------------------------------

--
-- بنية الجدول `products`
--

CREATE TABLE `products` (
  `imageProduct` varchar(255) NOT NULL,
  `title` varchar(255) NOT NULL,
  `contact` varchar(255) NOT NULL,
  `price` varchar(255) NOT NULL
) ENGINE=InnoDB DEFAULT CHARSET=utf8mb4;

--
-- إرجاع أو استيراد بيانات الجدول `products`
--

INSERT INTO `products` (`imageProduct`, `title`, `contact`, `price`) VALUES
('photo_2023-07-31_13-45-2908a4415e9d594ff960030b921d42b91eee.jpg', 'ee', 'test2', 'test3'),
('08a4415e9d594ff960030b921d42b91eee.jpg', 'ee', 'test2', 'test3');

-- --------------------------------------------------------

--
-- بنية الجدول `tb_images`
--

CREATE TABLE `tb_images` (
  `id` int(11) NOT NULL,
  `name` varchar(30) DEFAULT NULL,
  `image` text DEFAULT NULL,
  `order_id` int(11) NOT NULL
) ENGINE=InnoDB DEFAULT CHARSET=utf8mb4;

--
-- إرجاع أو استيراد بيانات الجدول `tb_images`
--

INSERT INTO `tb_images` (`id`, `name`, `image`, `order_id`) VALUES
(125, '12', '[\"64d34fe25cba9.jpg\"]', 112),
(126, '12', '[\"64d3511c124fb.jpg\"]', 113),
(127, '12', '[\"64d355ed04fbc.jpg\"]', 114),
(128, '12', '[\"64d3566caeb94.jpg\"]', 115),
(129, '12', '[\"64d356cd6e938.jpg\"]', 116),
(130, '12', '[\"64d3573bae55b.jpg\"]', 117),
(132, '12', '[\"64d359539a140.jpg\",\"64d359539a584.jpg\"]', 119),
(133, '12', '[\"64d359f71463d.jpg\",\"64d359f714800.jpg\"]', 120),
(134, '12', '[\"64d35ab978ee5.jpg\",\"64d35ab9790c7.jpg\"]', 121),
(135, '12', '[\"64d35bd3d7e53.jpg\",\"64d35bd3d81ad.jpg\"]', 122),
(136, '12', '[\"64d35ce83afca.jpg\",\"64d35ce83b28e.jpg\"]', 123),
(137, '12', '[\"64d35d85eb01a.jpg\"]', 124),
(138, '12', '[\"64d35f61a6711.jpg\"]', 125),
(139, '12', '[\"64d374315c8bc.jpg\"]', 126),
(140, '12', '[\"64d37572ec089.jpg\"]', 127),
(141, '12', '[\"64d377a950b0d.jpg\",\"64d377a951037.jpg\"]', 128),
(142, '12', '[\"64d37c661a7f4.jpg\",\"64d37c661ab61.jpg\"]', 130),
(143, '16', '[\"64d38c00c3be0.jpg\",\"64d38c00c3ed4.jpg\",\"64d38c013b9e1.jpg\"]', 131),
(145, '16', '[\"64d38e42c84d5.jpg\",\"64d38e42c87aa.jpg\"]', 133),
(146, '16', '[\"64d38f5aecc8a.jpg\"]', 134),
(147, '16', '[\"64d38fd95635e.jpg\"]', 135),
(148, '16', '[\"64d39131a5b83.jpg\"]', 136),
(149, '16', '[\"64d391aa951f0.jpg\"]', 137),
(150, '16', '[\"64d3995e93aa4.jpg\"]', 138),
(151, '16', '[\"64d39a3fe23f6.jpg\"]', 139),
(152, '16', '[\"64d39e729b84d.jpg\"]', 140),
(153, '16', '[\"64d3aec54846c.jpg\"]', 141),
(155, '16', '[\"64d3c85b002a6.jpg\"]', 143),
(156, '16', '[\"64d3c8cd4a1fc.jpg\"]', 144),
(157, '16', '[\"64d3c9a706ec7.jpg\"]', 145),
(158, '16', '[\"64d3ca3e4dbaf.jpg\"]', 146),
(159, '16', '[\"64d3cc949dc63.jpg\"]', 147),
(160, '16', '[\"64d3cd5601bb3.jpg\",\"64d3cd5601dcf.jpg\"]', 148),
(161, '16', '[\"64d3d7212dc95.jpg\"]', 149),
(162, '16', '[\"64d3d819b929a.jpg\"]', 150),
(163, '16', '[\"64d3df71a70e1.jpg\"]', 151),
(164, '16', '[\"64d5038570992.jpg\",\"64d5038677a3a.jpg\"]', 152),
(165, '16', '[\"64d506e9a6108.jpg\"]', 155),
(166, '16', '[\"64d5073f98e47.jpg\"]', 156);

-- --------------------------------------------------------

--
-- بنية الجدول `user_form`
--

CREATE TABLE `user_form` (
  `id` int(100) NOT NULL,
  `name` varchar(100) NOT NULL,
  `email` varchar(100) NOT NULL,
  `password` varchar(100) NOT NULL,
  `image` varchar(100) NOT NULL,
  `usertype` varchar(255) NOT NULL
) ENGINE=InnoDB DEFAULT CHARSET=utf8mb4;

--
-- إرجاع أو استيراد بيانات الجدول `user_form`
--

INSERT INTO `user_form` (`id`, `name`, `email`, `password`, `image`, `usertype`) VALUES
(12, 'huzaifa', 'huzaifa2005rmz@gmail.com', '8122a9bf43eba9cf9fc5f2d09b278dfd', '300065081_5372568726169650_8414090678718783085_n.jpg', 'huzaifaD'),
(15, 'Huzaifa', 'huzaifa@gmail.com', '520c2f780c401de6eac6ba4c98b5f450', '170F1080-F749-48FE-80A4-0E40CA6D77F6.jpeg', 'huzaifaD'),
(16, 'mustafa', 'mustafa@gmail.com', '733d7be2196ff70efaf6913fc8bdcabf', '', 'huzaifaD'),
(17, 'page', 'page@gmail.com', '81dc9bdb52d04dc20036dbd8313ed055', '300065081_5372568726169650_8414090678718783085_n.jpg', 'page');

--
-- Indexes for dumped tables
--

--
-- Indexes for table `orders`
--
ALTER TABLE `orders`
  ADD PRIMARY KEY (`id`);

--
-- Indexes for table `tb_images`
--
ALTER TABLE `tb_images`
  ADD PRIMARY KEY (`id`),
  ADD KEY `order_id` (`order_id`);

--
-- Indexes for table `user_form`
--
ALTER TABLE `user_form`
  ADD PRIMARY KEY (`id`);

--
-- AUTO_INCREMENT for dumped tables
--

--
-- AUTO_INCREMENT for table `orders`
--
ALTER TABLE `orders`
  MODIFY `id` int(11) NOT NULL AUTO_INCREMENT, AUTO_INCREMENT=157;

--
-- AUTO_INCREMENT for table `tb_images`
--
ALTER TABLE `tb_images`
  MODIFY `id` int(11) NOT NULL AUTO_INCREMENT, AUTO_INCREMENT=167;

--
-- AUTO_INCREMENT for table `user_form`
--
ALTER TABLE `user_form`
  MODIFY `id` int(100) NOT NULL AUTO_INCREMENT, AUTO_INCREMENT=18;

--
-- قيود الجداول المحفوظة
--

--
-- القيود للجدول `tb_images`
--
ALTER TABLE `tb_images`
  ADD CONSTRAINT `tb_images_ibfk_1` FOREIGN KEY (`order_id`) REFERENCES `orders` (`id`),
  ADD CONSTRAINT `tb_images_ibfk_2` FOREIGN KEY (`order_id`) REFERENCES `orders` (`id`);
COMMIT;

/*!40101 SET CHARACTER_SET_CLIENT=@OLD_CHARACTER_SET_CLIENT */;
/*!40101 SET CHARACTER_SET_RESULTS=@OLD_CHARACTER_SET_RESULTS */;
/*!40101 SET COLLATION_CONNECTION=@OLD_COLLATION_CONNECTION */;
